{
  "scenario": "3x-traffic",
  "label": "3× traffic (real data)",
  "targetEntriesPerBackend": 60000,
  "actualScale": 1.3333037043621252,
  "targetRateRps": 1.1,
  "duration": 60,
  "generatedAt": "2026-05-15T00:10:47.584Z",
  "results": [
    {
      "backend": "minisearch",
      "indexBuildTimeMs": 160.67333399999998,
      "heapMemoryMb": 172.05992889404297,
      "rssMemoryMb": 439.671875,
      "coldStartLatencyMs": 10.895125000000007,
      "baselineLatencyMs": 14.73726669999999,
      "relevanceHitRatePct": 100,
      "p50Ms": 23,
      "p97_5Ms": 113,
      "p99Ms": 121,
      "throughputRps": 1,
      "errorRatePct": 0
    },
    {
      "backend": "flexsearch",
      "indexBuildTimeMs": 230.237125,
      "heapMemoryMb": 124.50753784179688,
      "rssMemoryMb": 230.015625,
      "coldStartLatencyMs": 2.343542000002344,
      "baselineLatencyMs": 1.9208458199999585,
      "relevanceHitRatePct": 91.66666666666666,
      "p50Ms": 5,
      "p97_5Ms": 23,
      "p99Ms": 25,
      "throughputRps": 1,
      "errorRatePct": 0
    },
    {
      "backend": "orama",
      "indexBuildTimeMs": 900.8094159999999,
      "heapMemoryMb": 694.6373062133789,
      "rssMemoryMb": 816.984375,
      "coldStartLatencyMs": 24.39879199999268,
      "baselineLatencyMs": 15.530399100001086,
      "relevanceHitRatePct": 91.66666666666666,
      "p50Ms": 20,
      "p97_5Ms": 90,
      "p99Ms": 96,
      "throughputRps": 1,
      "errorRatePct": 0
    },
    {
      "backend": "sqlite",
      "indexBuildTimeMs": 71.45825000000002,
      "heapMemoryMb": 33.73467254638672,
      "rssMemoryMb": 137.71875,
      "coldStartLatencyMs": 5.8051249999844,
      "baselineLatencyMs": 1.0955909400020027,
      "relevanceHitRatePct": 83.33333333333334,
      "p50Ms": 3,
      "p97_5Ms": 9,
      "p99Ms": 11,
      "throughputRps": 1,
      "errorRatePct": 0
    }
  ]
}